{
  "webapps": [
    {
      "id": "instagram",
      "rank": 1,
      "name": "Instagram",
      "homeUrl": "https://www.instagram.com/?utm_source=samsung_max_sd",
      "iconUrl": "ultra_apps/instagram_ultra.png"
    },
    {
      "id": "cricbuzz",
      "rank": 2,
      "name": "Cricbuzz",
      "homeUrl": "http://m.cricbuzz.com",
      "iconUrl": "ultra_apps/cricbuzz_ultra.png"
    },
    {
      "id": "wikipedia",
      "rank": 3,
      "name": "Wikipedia",
      "homeUrl": "https://www.wikipedia.org",
      "iconUrl": "ultra_apps/ic_wikipedia_ultra.png"
    },
    {
      "id": "facebook",
      "rank": 4,
      "name": "Facebook",
      "homeUrl": "https://m.facebook.com/?ref=s_max_bookmark",
      "iconUrl": "ultra_apps/facebook_ultra_color.png"
    }
  ]
}